country,year,lat,lon,GID_1,GID_2,wealthpooled,households,urban_rural
ethiopia,2016,9.50546987302,42.4386278933,ETH.8,ETH.8.14,-0.722429931163788,27,0
ethiopia,2016,10.7762174829,37.1222700182,ETH.3,ETH.3.6,-0.769103407859802,27,0
ethiopia,2016,11.8452284561,41.9157929221,ETH.2,ETH.2.1,-1.15378797054291,20,0
ethiopia,2016,9.5888325713,41.8657328466,ETH.5,ETH.5.1,1.10541021823883,27,1
ethiopia,2016,9.94293970456,34.6292720416,ETH.4,ETH.4.1,-0.895703852176666,27,0
ethiopia,2016,3.8187915928,39.7653432611,ETH.9,ETH.9.6,-1.12699615955353,27,0
ethiopia,2016,9.34901693095,42.6813317167,ETH.9,ETH.9.3,-0.881629049777985,26,0
ethiopia,2016,10.5709933035,38.7084823107,ETH.3,ETH.3.5,-0.755100548267365,28,0
ethiopia,2016,9.04326034727,38.7146934175,ETH.1,ETH.1.1,1.3369551897049,28,1
ethiopia,2016,6.98133787886,38.5807823139,ETH.10,ETH.10.19,-0.532836496829987,28,0
ethiopia,2016,7.70940156114,34.1004802475,ETH.6,ETH.6.1,-0.90670770406723,27,0
ethiopia,2016,7.83423885855,38.3337717583,ETH.10,ETH.10.20,0.644284129142761,24,1
ethiopia,2016,9.03392549019,38.7689548211,ETH.1,ETH.1.1,1.28255581855774,24,1
ethiopia,2016,9.76564493416,34.7390014466,ETH.4,ETH.4.1,0.415576666593552,24,1
ethiopia,2016,11.120147369,39.6217247628,ETH.3,ETH.3.5,1.04659307003021,27,1
ethiopia,2016,9.00785406503,38.7817378036,ETH.1,ETH.1.1,1.63549292087555,28,1
ethiopia,2016,6.78443103807,37.8007529825,ETH.10,ETH.10.21,-0.784008741378784,28,0
ethiopia,2016,5.72534571145,38.2647675097,ETH.8,ETH.8.3,-0.648302555084229,28,0
ethiopia,2016,8.87629538846,43.262343778,ETH.9,ETH.9.3,-0.768909096717834,26,0
ethiopia,2016,8.84827523101,37.7739230253,ETH.8,ETH.8.12,-0.705391049385071,27,0
ethiopia,2016,11.0742756771,37.790726351,ETH.3,ETH.3.7,-0.759641706943512,25,0
ethiopia,2016,9.60105397294,41.7613104774,ETH.5,ETH.5.1,0.345697671175003,25,1
ethiopia,2016,7.19288407476,39.0256484156,ETH.8,ETH.8.10,-0.80628502368927,27,0
ethiopia,2016,9.60462543665,41.873772823,ETH.5,ETH.5.1,1.03057670593262,24,1
ethiopia,2016,9.31346357211,42.1111871914,ETH.7,ETH.7.1,1.20861887931824,24,1
ethiopia,2016,9.30026423487,42.1184903494,ETH.7,ETH.7.1,1.0063202381134,25,1
ethiopia,2016,9.53648433062,41.8338306474,ETH.5,ETH.5.1,-0.932756006717682,28,0
ethiopia,2016,9.02974760401,38.7193251644,ETH.1,ETH.1.1,0.964851081371307,28,1
ethiopia,2016,6.21712539238,38.252069473,ETH.10,ETH.10.11,-0.322316646575928,27,0
ethiopia,2016,9.19198867393,43.5733986584,ETH.9,ETH.9.3,-0.733899116516113,25,0
ethiopia,2016,6.31907905884,38.968049523,ETH.10,ETH.10.19,-0.879805624485016,28,0
ethiopia,2016,10.6671212517,35.6105437531,ETH.4,ETH.4.3,-0.812682747840881,26,0
ethiopia,2016,10.6435644707,36.1036994074,ETH.4,ETH.4.3,-0.870524942874908,27,0
ethiopia,2016,10.2592046524,40.5583137001,ETH.2,ETH.2.3,-1.08516621589661,26,0
ethiopia,2016,11.2877903516,38.4068856512,ETH.3,ETH.3.4,-1.21090960502625,23,0
ethiopia,2016,9.79869668858,40.3800589247,ETH.2,ETH.2.3,-0.995770633220673,5,0
ethiopia,2016,9.00250758027,39.1315220073,ETH.8,ETH.8.15,-0.534152030944824,28,0
ethiopia,2016,7.42833707964,37.7530530811,ETH.10,ETH.10.13,-0.857410430908203,28,0
ethiopia,2016,9.59445796402,41.8309405955,ETH.5,ETH.5.1,0.646242260932922,23,1
ethiopia,2016,9.30959246743,42.1331668416,ETH.7,ETH.7.1,1.57828795909882,26,1
ethiopia,2016,14.1950634491,39.04028277,ETH.11,ETH.11.2,-0.603935956954956,28,0
ethiopia,2016,7.3965040748,35.260202959,ETH.6,ETH.6.2,-0.627606213092804,24,0
ethiopia,2016,8.24956390026,34.5978392613,ETH.6,ETH.6.1,1.35467863082886,23,1
ethiopia,2016,9.13803330263,40.1596315709,ETH.2,ETH.2.3,0.742711186408997,27,1
ethiopia,2016,5.54695181526,37.6663341535,ETH.10,ETH.10.6,-0.809965372085571,27,0
ethiopia,2016,9.28220145032,40.1857840339,ETH.2,ETH.2.3,-0.403948903083801,26,0
ethiopia,2016,12.5790857678,36.0332738766,ETH.3,ETH.3.10,-0.837995707988739,26,0
ethiopia,2016,6.87674854491,37.7577586058,ETH.10,ETH.10.21,0.92152863740921,27,1
ethiopia,2016,8.09185152616,38.528855754,ETH.10,ETH.10.12,-0.628549814224243,28,0
ethiopia,2016,11.0559617956,40.1986254311,ETH.2,ETH.2.5,-0.943759560585022,17,0
ethiopia,2016,9.31246687048,42.1184916178,ETH.7,ETH.7.1,1.14338779449463,26,1
ethiopia,2016,9.37078775474,42.797420243,ETH.9,ETH.9.3,0.966703772544861,25,1
ethiopia,2016,9.30258440418,42.1253554492,ETH.7,ETH.7.1,1.30752205848694,27,1
ethiopia,2016,9.00172834329,38.7228590451,ETH.1,ETH.1.1,1.67575776576996,25,1
ethiopia,2016,9.32340046646,42.1130098881,ETH.7,ETH.7.1,0.817705988883972,26,1
ethiopia,2016,8.97151195257,38.7618393831,ETH.1,ETH.1.1,1.21027004718781,28,1
ethiopia,2016,8.24635511981,36.6214995576,ETH.8,ETH.8.7,-0.886520385742188,28,0
ethiopia,2016,8.26784335099,34.6014669382,ETH.6,ETH.6.1,1.10995328426361,24,1
ethiopia,2016,9.33596724274,42.7979043322,ETH.9,ETH.9.3,0.903515040874481,25,1
ethiopia,2016,10.0387970194,35.233468673,ETH.4,ETH.4.1,-0.43746280670166,24,0
ethiopia,2016,12.3490508881,38.9616668144,ETH.3,ETH.3.12,-1.10837292671204,27,0
ethiopia,2016,9.28219730811,42.1709588097,ETH.7,ETH.7.1,-0.336236298084259,28,0
ethiopia,2016,8.36491380645,33.9094373664,ETH.6,ETH.6.3,-1.01765024662018,21,0
ethiopia,2016,9.51940107931,35.86346861,ETH.4,ETH.4.2,0.0576336123049259,24,1
ethiopia,2016,8.99452617877,40.164139851,ETH.2,ETH.2.3,0.863921880722046,28,1
ethiopia,2016,11.5858079828,37.388364318,ETH.3,ETH.3.3,0.890324711799622,25,1
ethiopia,2016,9.57507304381,41.8563621501,ETH.5,ETH.5.1,1.10957849025726,26,1
ethiopia,2016,11.3821246084,41.7020944216,ETH.2,ETH.2.1,-1.11254012584686,21,0
ethiopia,2016,7.365744,36.537091,ETH.10,ETH.10.14,-0.95205169916153,22,0
ethiopia,2016,6.55951923144,46.1547965841,ETH.9,ETH.9.2,-0.968390285968781,24,0
ethiopia,2016,14.4215895373,38.0602421476,ETH.11,ETH.11.5,-0.823670625686646,28,0
ethiopia,2016,12.9653685748,39.6971902633,ETH.11,ETH.11.1,0.208447888493538,26,0
ethiopia,2016,13.1594076451,38.0547708319,ETH.3,ETH.3.10,-1.18259131908417,25,0
ethiopia,2016,14.1286670056,38.7335858616,ETH.11,ETH.11.2,1.14048731327057,28,1
ethiopia,2016,3.62139145826,39.291912435,ETH.9,ETH.9.6,-0.835509359836578,24,0
ethiopia,2016,8.86789040766,38.7942796059,ETH.1,ETH.1.1,1.14286410808563,25,1
ethiopia,2016,14.1756014451,38.8916486599,ETH.11,ETH.11.2,1.00161492824554,28,1
ethiopia,2016,5.9718834645,43.5485594187,ETH.9,ETH.9.8,-0.425949811935425,18,0
ethiopia,2016,5.91805816548,37.2914179478,ETH.10,ETH.10.10,-0.836813867092133,28,0
ethiopia,2016,5.48732650555,36.7971310154,ETH.10,ETH.10.8,-0.92571496963501,27,0
ethiopia,2016,9.86313454848,35.6469377082,ETH.4,ETH.4.2,-0.828479588031769,26,0
ethiopia,2016,14.4386339259,39.085800049,ETH.11,ETH.11.2,-0.747880160808563,28,0
ethiopia,2016,9.04499815901,38.8631750538,ETH.1,ETH.1.1,0.875381171703339,22,1
ethiopia,2016,9.0466980287,38.7289013883,ETH.1,ETH.1.1,1.18764972686768,27,1
ethiopia,2016,6.70844941065,44.2735421879,ETH.9,ETH.9.5,-0.446444392204285,16,0
ethiopia,2016,9.33960411321,41.3214150318,ETH.8,ETH.8.14,-0.921895265579224,28,0
ethiopia,2016,13.4945589813,39.4692346379,ETH.11,ETH.11.1,1.28492414951324,22,1
ethiopia,2016,7.59152728414,43.7648907134,ETH.9,ETH.9.4,-0.234618619084358,21,0
ethiopia,2016,12.4206773981,39.5593113544,ETH.11,ETH.11.1,0.420332223176956,25,1
ethiopia,2016,14.1575441713,38.1438520961,ETH.11,ETH.11.5,-0.917796432971954,27,0
ethiopia,2016,13.709599555,39.684280222,ETH.11,ETH.11.4,-0.979535341262817,28,0
ethiopia,2016,9.02563804706,38.7174788645,ETH.1,ETH.1.1,1.34194684028625,28,1
ethiopia,2016,9.62024389962,41.840028943,ETH.5,ETH.5.1,1.05424547195435,21,1
ethiopia,2016,10.1482540243,40.1894142042,ETH.2,ETH.2.5,-0.972739279270172,26,0
ethiopia,2016,14.4227920029,39.7281016112,ETH.11,ETH.11.4,-0.745313167572021,27,0
ethiopia,2016,8.3097688021,33.8051174987,ETH.6,ETH.6.3,-1.03447508811951,28,0
ethiopia,2016,8.24024468444,34.3595625538,ETH.6,ETH.6.1,-0.873032510280609,26,0
ethiopia,2016,8.21190166328,34.4510167359,ETH.6,ETH.6.1,-0.954949080944061,28,0
ethiopia,2016,9.0342302147,38.7184082631,ETH.1,ETH.1.1,1.35512495040894,24,1
ethiopia,2016,9.03217624526,38.7330076853,ETH.1,ETH.1.1,1.25477230548859,27,1
ethiopia,2016,10.9344518141,36.9454959719,ETH.3,ETH.3.1,-0.944615364074707,24,0
ethiopia,2016,8.97756723585,38.7380499348,ETH.1,ETH.1.1,1.34119999408722,24,1
ethiopia,2016,9.5885386144,41.8505427886,ETH.5,ETH.5.1,1.16560125350952,24,1
ethiopia,2016,9.07122987065,38.7521226061,ETH.1,ETH.1.1,1.54926908016205,28,1
ethiopia,2016,7.11291687929,37.3839343099,ETH.10,ETH.10.7,-0.890542089939117,27,0
ethiopia,2016,8.24174565584,34.6051383561,ETH.6,ETH.6.1,0.182968944311142,27,1
ethiopia,2016,9.2902191212,42.1013609291,ETH.7,ETH.7.1,1.39236044883728,20,0
ethiopia,2016,8.82944703631,43.3348947832,ETH.9,ETH.9.4,-0.822207391262054,26,0
ethiopia,2016,14.2310498134,39.7236883667,ETH.2,ETH.2.2,-1.01591777801514,21,0
ethiopia,2016,8.8180576302,37.5344828867,ETH.8,ETH.8.12,-0.296442419290543,27,0
ethiopia,2016,7.64564539938,35.3534863628,ETH.10,ETH.10.18,-0.88666158914566,25,0
ethiopia,2016,10.9845559437,38.044449684,ETH.3,ETH.3.7,-0.924816787242889,28,0
ethiopia,2016,9.17361810831,39.347492797,ETH.3,ETH.3.8,-0.67378181219101,27,0
ethiopia,2016,8.75743666467,40.2994430867,ETH.8,ETH.8.11,-0.932412922382355,28,0
ethiopia,2016,7.88730226891,39.8627264104,ETH.8,ETH.8.1,-0.731488585472107,28,0
ethiopia,2016,9.83761979426,35.4142012912,ETH.4,ETH.4.2,-0.735790491104126,25,0
ethiopia,2016,8.71230737632,39.2969107194,ETH.8,ETH.8.15,-0.582989692687988,27,0
ethiopia,2016,7.13251269575,37.5368303496,ETH.10,ETH.10.21,-0.789412498474121,27,0
ethiopia,2016,13.8358919508,39.8834548989,ETH.2,ETH.2.2,-0.963696360588074,28,0
ethiopia,2016,12.79918126,39.7113616583,ETH.11,ETH.11.1,-0.29665794968605,27,0
ethiopia,2016,13.9254461067,39.4522328236,ETH.11,ETH.11.4,-0.555317223072052,27,0
ethiopia,2016,13.1693084844,39.9871167607,ETH.2,ETH.2.2,-1.07740700244904,24,0
ethiopia,2016,11.7746736445,37.9787671042,ETH.3,ETH.3.4,-1.10862791538239,27,0
ethiopia,2016,9.29031176064,42.1170863512,ETH.7,ETH.7.1,0.844950497150421,22,1
ethiopia,2016,14.1791230071,39.9807494998,ETH.2,ETH.2.2,-0.927110731601715,22,0
ethiopia,2016,10.1794669694,40.5491092301,ETH.2,ETH.2.3,-0.758934855461121,27,0
ethiopia,2016,12.6775343287,39.3486910071,ETH.11,ETH.11.1,-0.830831825733185,27,0
ethiopia,2016,10.6375197357,35.7192058679,ETH.4,ETH.4.3,-0.690625905990601,27,0
ethiopia,2016,5.58926904596,44.1750322919,ETH.9,ETH.9.8,-1.0154013633728,21,0
ethiopia,2016,8.41169821139,38.3660367709,ETH.8,ETH.8.4,-0.875062525272369,28,0
ethiopia,2016,9.62426037501,41.83927556,ETH.5,ETH.5.1,1.29209339618683,26,1
ethiopia,2016,6.76120632433,37.4257951829,ETH.10,ETH.10.21,-0.697998225688934,26,0
ethiopia,2016,8.01647928766,37.5300031853,ETH.8,ETH.8.8,-0.769045114517212,28,0
ethiopia,2016,12.8304245647,39.4518456655,ETH.11,ETH.11.1,-0.837489664554596,27,0
ethiopia,2016,9.06070877257,38.7521225816,ETH.1,ETH.1.1,1.26506674289703,27,1
ethiopia,2016,8.97935886885,38.6830487592,ETH.1,ETH.1.1,1.39832413196564,24,1
ethiopia,2016,6.02345793172,44.8075067953,ETH.9,ETH.9.5,-0.846216320991516,17,0
ethiopia,2016,8.90645974743,38.6266444689,ETH.8,ETH.8.4,1.41852521896362,23,1
ethiopia,2016,6.92016481197,38.3152157767,ETH.10,ETH.10.19,-0.555191338062286,26,0
ethiopia,2016,8.54334611335,39.2660967109,ETH.8,ETH.8.15,1.35029113292694,21,1
ethiopia,2016,10.5124060403,36.1290496527,ETH.4,ETH.4.3,-0.848429679870605,28,0
ethiopia,2016,9.58047195266,41.8573323303,ETH.5,ETH.5.1,1.22217571735382,28,1
ethiopia,2016,12.6946883389,37.8897317477,ETH.3,ETH.3.10,-1.18651461601257,26,0
ethiopia,2016,9.04798893722,38.7661714489,ETH.1,ETH.1.1,1.41694521903992,27,1
ethiopia,2016,7.27733666825,36.237312725,ETH.10,ETH.10.14,0.633955001831055,27,1
ethiopia,2016,9.01440936129,38.8006104973,ETH.1,ETH.1.1,1.29110431671143,26,1
ethiopia,2016,13.8486848083,38.6881087512,ETH.11,ETH.11.2,-1.01299440860748,28,0
ethiopia,2016,9.31485964889,42.1230801121,ETH.7,ETH.7.1,1.11266839504242,25,1
ethiopia,2016,11.793025658,37.5846647728,ETH.3,ETH.3.4,-0.898282945156097,26,0
ethiopia,2016,9.00224494122,38.7492381146,ETH.1,ETH.1.1,1.45454514026642,26,1
ethiopia,2016,13.1972652136,39.4579178725,ETH.11,ETH.11.1,-0.698895871639252,27,0
ethiopia,2016,9.3841625275,36.4356299161,ETH.4,ETH.4.2,-0.850066125392914,28,0
ethiopia,2016,6.96366982448,37.8810262918,ETH.10,ETH.10.21,-0.892220079898834,28,0
ethiopia,2016,12.1382636875,37.7079389365,ETH.3,ETH.3.4,-0.689868032932281,27,0
ethiopia,2016,5.84837293229,43.5279794245,ETH.9,ETH.9.8,-0.469275742769241,25,0
ethiopia,2016,9.9730182127,34.5032392669,ETH.4,ETH.4.1,-0.68591833114624,28,0
ethiopia,2016,9.510583,41.898978,ETH.5,ETH.5.1,-0.934520244598389,27,0
ethiopia,2016,11.2933004838,37.5208814845,ETH.3,ETH.3.6,-0.864060938358307,27,0
ethiopia,2016,7.22384739616,35.3251085621,ETH.6,ETH.6.2,-0.191999465227127,24,1
ethiopia,2016,11.6998284858,37.3130425758,ETH.3,ETH.3.6,-0.633949041366577,28,0
ethiopia,2016,9.04813438603,38.7599106149,ETH.1,ETH.1.1,1.4676102399826,24,1
ethiopia,2016,7.40358536322,43.9200338005,ETH.9,ETH.9.5,-0.159843593835831,28,1
ethiopia,2016,13.2481330714,40.0436854695,ETH.2,ETH.2.2,-0.932383418083191,27,0
ethiopia,2016,9.32405197903,42.0930183585,ETH.7,ETH.7.1,0.863312363624573,22,1
ethiopia,2016,8.05377155584,37.6945841523,ETH.10,ETH.10.12,-0.574020624160767,26,0
ethiopia,2016,9.06010035789,34.8188040773,ETH.8,ETH.8.9,-0.915461361408234,28,0
ethiopia,2016,10.8886743845,38.6067252305,ETH.3,ETH.3.5,-1.01020193099976,25,0
ethiopia,2016,7.63455750352,35.6701723257,ETH.10,ETH.10.14,-0.962382435798645,28,0
ethiopia,2016,11.7309998784,41.0951738301,ETH.2,ETH.2.1,-0.964307963848114,27,0
ethiopia,2016,9.30157652661,42.1104613791,ETH.7,ETH.7.1,1.09950268268585,25,1
ethiopia,2016,6.72010797002,37.6248795321,ETH.10,ETH.10.21,-0.953806459903717,28,0
ethiopia,2016,14.101627106,38.2829060094,ETH.11,ETH.11.5,0.673826634883881,26,1
ethiopia,2016,5.973339,38.182217,ETH.10,ETH.10.11,-0.66303676366806,27,0
ethiopia,2016,10.5409834756,35.9403169384,ETH.4,ETH.4.3,-0.421732246875763,22,0
ethiopia,2016,10.2673401899,36.2187772899,ETH.4,ETH.4.3,-0.890127658843994,24,0
ethiopia,2016,9.59705742549,41.869843929,ETH.5,ETH.5.1,0.207945495843887,24,1
ethiopia,2016,9.29218457705,42.5533647172,ETH.9,ETH.9.3,-0.789645195007324,27,0
ethiopia,2016,6.4415578488,42.095158493,ETH.9,ETH.9.1,-0.82137531042099,24,0
ethiopia,2016,13.6692723562,38.185384157,ETH.11,ETH.11.5,-0.356361269950867,28,0
ethiopia,2016,11.7485880935,39.9283744479,ETH.2,ETH.2.4,-0.912993848323822,19,0
ethiopia,2016,9.60869956079,41.8398751242,ETH.5,ETH.5.1,0.920108318328857,28,1
ethiopia,2016,11.6010123722,40.0178986208,ETH.2,ETH.2.1,-0.578108489513397,23,0
ethiopia,2016,14.2318310694,39.729538354,ETH.2,ETH.2.2,-0.598728120326996,28,0
ethiopia,2016,9.36328807537,34.4452504635,ETH.4,ETH.4.1,0.174829244613647,23,1
ethiopia,2016,9.31090240464,42.148127059,ETH.7,ETH.7.1,0.609940588474274,27,1
ethiopia,2016,9.00691707989,38.7277429586,ETH.1,ETH.1.1,1.27578926086426,27,1
ethiopia,2016,13.8785870978,39.7229998663,ETH.11,ETH.11.4,-0.747799336910248,28,0
ethiopia,2016,7.19484398286,35.2493930547,ETH.6,ETH.6.2,-0.637232840061188,27,0
ethiopia,2016,7.45981388803,43.8468612713,ETH.9,ETH.9.5,-0.969380617141724,27,0
ethiopia,2016,12.3769356831,38.3579841217,ETH.3,ETH.3.4,-1.15188312530518,27,0
ethiopia,2016,12.1331917917,39.5805877891,ETH.3,ETH.3.11,-1.05693376064301,25,0
ethiopia,2016,9.64616655232,39.617828835,ETH.3,ETH.3.8,-0.66403341293335,27,0
ethiopia,2016,9.5776155326,41.8895674562,ETH.5,ETH.5.1,1.0866391658783,25,1
ethiopia,2016,10.0564993574,34.555293404,ETH.4,ETH.4.1,0.698872148990631,25,1
ethiopia,2016,8.15920965881,38.1893877847,ETH.10,ETH.10.12,-0.534289002418518,28,0
ethiopia,2016,11.7268863923,40.9974796357,ETH.2,ETH.2.1,0.771870136260986,25,1
ethiopia,2016,10.7096870361,38.2726724466,ETH.3,ETH.3.7,-0.975898921489716,25,0
ethiopia,2016,7.22084525534,36.1338592502,ETH.10,ETH.10.14,-0.959734857082367,27,0
ethiopia,2016,4.00670294165,41.5997414214,ETH.9,ETH.9.6,-0.92115706205368,23,0
ethiopia,2016,10.1892137521,34.8416336617,ETH.4,ETH.4.1,-0.746618032455444,27,0
ethiopia,2016,9.3653823821,42.7062327688,ETH.9,ETH.9.3,-0.621334433555603,26,0
ethiopia,2016,9.00229314046,38.8231390933,ETH.1,ETH.1.1,1.45978212356567,26,1
ethiopia,2016,9.31312605158,42.2301463354,ETH.7,ETH.7.1,-0.792516350746155,26,0
ethiopia,2016,7.84147681781,39.5490696305,ETH.8,ETH.8.1,-0.785079836845398,26,0
ethiopia,2016,8.5955995317,43.4702969902,ETH.9,ETH.9.4,-0.458273530006409,25,0
ethiopia,2016,6.72183944974,38.2941908742,ETH.10,ETH.10.19,-0.627391278743744,28,0
ethiopia,2016,6.85666637941,38.3609269563,ETH.10,ETH.10.19,-0.678355038166046,28,0
ethiopia,2016,8.42588573462,38.4881433342,ETH.10,ETH.10.12,-0.91475236415863,27,0
ethiopia,2016,10.0637850968,37.7771970278,ETH.3,ETH.3.7,-1.0443924665451,28,0
ethiopia,2016,7.8274684755,34.5557296177,ETH.6,ETH.6.1,-0.962490260601044,23,0
ethiopia,2016,13.5729717024,39.5512995226,ETH.11,ETH.11.1,0.191173419356346,26,0
ethiopia,2016,8.24352115284,34.5851523413,ETH.6,ETH.6.1,0.634447395801544,26,1
ethiopia,2016,7.77527806118,37.9393917413,ETH.10,ETH.10.20,-0.116322055459023,26,0
ethiopia,2016,9.60812237305,41.8706859784,ETH.5,ETH.5.1,0.88481479883194,25,1
ethiopia,2016,8.97290689536,38.7455312752,ETH.1,ETH.1.1,1.7244781255722,24,1
ethiopia,2016,13.9715616865,39.4255056601,ETH.11,ETH.11.4,0.21287228167057,26,1
ethiopia,2016,7.55723995049,37.1325723943,ETH.8,ETH.8.8,-0.991830110549927,28,0
ethiopia,2016,9.31340590232,42.1137999773,ETH.7,ETH.7.1,0.906937837600708,27,1
ethiopia,2016,10.3314500751,38.1614582802,ETH.3,ETH.3.7,-0.650176823139191,27,0
ethiopia,2016,9.33607580326,40.167710512,ETH.2,ETH.2.3,0.574463546276093,23,1
ethiopia,2016,8.22889735972,34.5882343072,ETH.6,ETH.6.1,0.753965377807617,21,1
ethiopia,2016,6.12590685994,38.306105892,ETH.10,ETH.10.11,-0.832075536251068,27,0
ethiopia,2016,8.22923430602,33.8863365002,ETH.6,ETH.6.1,-1.09458017349243,25,0
ethiopia,2016,9.05455028442,37.3671861063,ETH.8,ETH.8.12,-0.680910468101501,28,0
ethiopia,2016,13.7500275235,39.99126003,ETH.2,ETH.2.2,-0.37274706363678,26,0
ethiopia,2016,8.88380305525,38.7785032574,ETH.1,ETH.1.1,0.863276243209839,26,1
ethiopia,2016,13.4878844185,39.4663717746,ETH.11,ETH.11.1,1.37401020526886,27,1
ethiopia,2016,9.34211364159,42.1209112505,ETH.7,ETH.7.1,0.232855096459389,26,0
ethiopia,2016,8.75161771815,43.3790942553,ETH.9,ETH.9.4,-0.0289846267551184,23,0
ethiopia,2016,9.30165173196,42.1283691725,ETH.7,ETH.7.1,1.09495091438293,28,1
ethiopia,2016,12.000711759,40.0379474081,ETH.2,ETH.2.4,-0.789344847202301,14,0
ethiopia,2016,9.541209,42.042954,ETH.5,ETH.5.1,-0.826251208782196,28,0
ethiopia,2016,7.254973,35.319823,ETH.6,ETH.6.2,-0.741054773330688,27,0
ethiopia,2016,10.4877956049,35.7580627256,ETH.4,ETH.4.3,-0.81363981962204,24,0
ethiopia,2016,8.5919108981,40.3526655543,ETH.8,ETH.8.11,-0.899222791194916,28,0
ethiopia,2016,10.7473916021,36.2763174797,ETH.4,ETH.4.3,-0.955405116081238,27,0
ethiopia,2016,9.03960963156,38.7807483987,ETH.1,ETH.1.1,1.96523988246918,28,1
ethiopia,2016,8.98928452637,34.7677919955,ETH.8,ETH.8.9,-0.876516282558441,27,0
ethiopia,2016,12.3358957041,39.8517582041,ETH.2,ETH.2.4,-0.943304717540741,17,0
ethiopia,2016,8.67189926771,43.3697868099,ETH.9,ETH.9.4,-0.898575484752655,20,0
ethiopia,2016,8.8985707703,38.7699798344,ETH.1,ETH.1.1,1.15422224998474,23,1
ethiopia,2016,14.0338766484,37.1059217522,ETH.11,ETH.11.3,-0.548144638538361,25,0
ethiopia,2016,11.2606062363,39.9650657394,ETH.3,ETH.3.9,-0.818209767341614,26,0
ethiopia,2016,14.2223987009,38.1636176619,ETH.11,ETH.11.5,-0.919368267059326,26,0
ethiopia,2016,11.3400421643,35.1267344697,ETH.4,ETH.4.3,-0.894004046916962,26,0
ethiopia,2016,9.31146057231,42.1232086877,ETH.7,ETH.7.1,0.154423221945763,28,1
ethiopia,2016,13.688925801,37.6946570509,ETH.11,ETH.11.3,-0.906030416488647,28,0
ethiopia,2016,11.5741840139,36.4981235804,ETH.3,ETH.3.1,-0.369300961494446,25,0
ethiopia,2016,8.30377560499,33.8057684337,ETH.6,ETH.6.3,-1.15870773792267,26,0
ethiopia,2016,8.92887285233,38.7374729726,ETH.1,ETH.1.1,0.510364770889282,27,1
ethiopia,2016,8.315696,37.733714,ETH.10,ETH.10.12,-0.573517620563507,28,0
ethiopia,2016,14.034141763,39.8984877193,ETH.2,ETH.2.2,-0.806618571281433,21,0
ethiopia,2016,8.98361773473,38.7709785445,ETH.1,ETH.1.1,1.04833674430847,27,1
ethiopia,2016,8.00171111956,34.5370719142,ETH.6,ETH.6.1,-0.367398709058762,28,0
ethiopia,2016,8.38974672286,33.2585570252,ETH.6,ETH.6.3,-0.998988211154938,27,0
ethiopia,2016,10.4553762219,38.8275864982,ETH.3,ETH.3.5,-0.982458174228668,28,0
ethiopia,2016,14.3902682168,37.7733924788,ETH.11,ETH.11.5,1.01502239704132,27,1
ethiopia,2016,7.45367432157,46.9552302945,ETH.9,ETH.9.2,-0.710146725177765,26,0
ethiopia,2016,7.62938018427,34.4221686641,ETH.6,ETH.6.1,-0.912940561771393,25,0
ethiopia,2016,7.83472689648,38.0491845438,ETH.10,ETH.10.20,-0.75131493806839,26,0
ethiopia,2016,7.63144104394,37.8614587729,ETH.10,ETH.10.13,-0.743597805500031,27,0
ethiopia,2016,9.57941251182,41.859528205,ETH.5,ETH.5.1,1.34342205524445,27,1
ethiopia,2016,9.06596004508,38.7070463109,ETH.1,ETH.1.1,1.06412029266357,28,1
ethiopia,2016,9.42259906558,34.4098596392,ETH.4,ETH.4.1,-0.827975749969482,28,0
ethiopia,2016,10.7174222822,40.3445246569,ETH.2,ETH.2.5,-0.928821384906769,21,0
ethiopia,2016,9.10716776576,43.165843148,ETH.9,ETH.9.3,0.171926081180573,24,1
ethiopia,2016,6.27305604365,42.6881454986,ETH.9,ETH.9.8,-1.08530902862549,24,0
ethiopia,2016,12.6699148305,36.7750821662,ETH.3,ETH.3.10,-0.958732008934021,28,0
ethiopia,2016,9.16465948082,36.9951261256,ETH.8,ETH.8.16,-0.868847966194153,26,0
ethiopia,2016,9.56143243219,42.0372149602,ETH.5,ETH.5.1,-0.702682912349701,27,0
ethiopia,2016,9.5863156777,41.8444121144,ETH.5,ETH.5.1,1.07289659976959,24,1
ethiopia,2016,10.3819871993,40.2657957695,ETH.2,ETH.2.5,-0.916173815727234,19,0
ethiopia,2016,7.63806616,34.2660338272,ETH.6,ETH.6.1,-0.597943007946014,23,1
ethiopia,2016,10.5000952147,34.3793981266,ETH.4,ETH.4.1,-0.24883434176445,28,0
ethiopia,2016,7.12501301663,40.7178008968,ETH.8,ETH.8.2,0.979363918304443,24,1
ethiopia,2016,9.05826372907,38.8365541159,ETH.1,ETH.1.1,0.489533126354218,26,1
ethiopia,2016,9.37136080797,42.1572508415,ETH.7,ETH.7.1,-0.123933255672455,25,0
ethiopia,2016,6.79195292766,40.3516627673,ETH.8,ETH.8.2,-1.11436414718628,27,0
ethiopia,2016,8.59358011947,39.1212931299,ETH.8,ETH.8.15,1.43267750740051,24,1
ethiopia,2016,8.24957585594,34.5920090167,ETH.6,ETH.6.1,0.923441350460052,19,1
ethiopia,2016,12.1903929217,37.0431333861,ETH.3,ETH.3.10,0.442377984523773,24,1
ethiopia,2016,8.9989618015,38.7686209612,ETH.1,ETH.1.1,2.38327360153198,26,1
ethiopia,2016,9.27878234797,36.5957487823,ETH.8,ETH.8.16,-0.933436036109924,27,0
ethiopia,2016,9.95700391255,39.9017174563,ETH.3,ETH.3.8,-1.00589680671692,23,0
ethiopia,2016,13.4952649739,37.1215939048,ETH.11,ETH.11.3,-0.83795177936554,28,0
ethiopia,2016,7.59850028071,38.0681458985,ETH.10,ETH.10.13,0.410144597291946,23,1
ethiopia,2016,13.7207003469,39.7000936899,ETH.11,ETH.11.4,-0.971020638942719,27,0
ethiopia,2016,7.31358333711,35.3239561302,ETH.6,ETH.6.2,-0.21777281165123,25,0
ethiopia,2016,12.549382995,39.284421168,ETH.11,ETH.11.1,-1.02425813674927,28,0
ethiopia,2016,8.98551506998,38.7516661294,ETH.1,ETH.1.1,1.22358155250549,26,1
ethiopia,2016,9.04175395751,38.9862832829,ETH.8,ETH.8.17,-0.503284215927124,27,0
ethiopia,2016,9.30644102224,35.5468858518,ETH.8,ETH.8.13,0.201760515570641,28,1
ethiopia,2016,9.03017252937,38.7482615797,ETH.1,ETH.1.1,1.38053703308105,24,1
ethiopia,2016,7.05024858544,37.171492244,ETH.10,ETH.10.7,-0.860067784786224,28,0
ethiopia,2016,9.74867826712,42.2996123389,ETH.5,ETH.5.1,-0.999769508838654,24,0
ethiopia,2016,7.04543171025,38.4730226946,ETH.10,ETH.10.19,1.28631913661957,25,1
ethiopia,2016,8.34259543605,33.4510405032,ETH.6,ETH.6.3,-0.422245055437088,24,1
ethiopia,2016,10.2581336567,39.5300559316,ETH.3,ETH.3.8,-0.77798056602478,27,0
ethiopia,2016,9.55114854538,41.9293296475,ETH.5,ETH.5.1,-0.723305225372314,28,0
ethiopia,2016,12.7675349753,37.7469263649,ETH.3,ETH.3.10,-1.03122401237488,26,0
ethiopia,2016,6.62091311478,38.6268869745,ETH.10,ETH.10.19,-0.793380260467529,26,0
ethiopia,2016,9.00343918168,38.7100837464,ETH.1,ETH.1.1,2.13143944740295,28,1
ethiopia,2016,8.3420218329,34.091306189,ETH.6,ETH.6.1,-0.976647794246674,26,0
ethiopia,2016,6.00549842035,38.525295073,ETH.8,ETH.8.5,-0.714684963226318,27,0
ethiopia,2016,10.0504837573,34.5373774812,ETH.4,ETH.4.1,1.01172077655792,24,1
ethiopia,2016,6.46785901325,42.1753563262,ETH.9,ETH.9.8,-0.833931386470795,25,0
ethiopia,2016,8.15292480185,39.8933296083,ETH.8,ETH.8.1,0.614927530288696,24,1
ethiopia,2016,9.92921099617,35.9552630385,ETH.4,ETH.4.2,-0.897063553333282,24,0
ethiopia,2016,9.31371258231,42.1484743679,ETH.7,ETH.7.1,1.23979008197784,27,1
ethiopia,2016,13.0731676239,37.8087713713,ETH.3,ETH.3.10,0.0541844330728054,25,1
ethiopia,2016,10.3604153326,34.7606091293,ETH.4,ETH.4.1,-0.828763782978058,15,0
ethiopia,2016,6.94949709724,35.5658971402,ETH.10,ETH.10.5,-0.875008523464203,23,0
ethiopia,2016,7.52824806249,35.0633855731,ETH.6,ETH.6.2,-1.05620634555817,26,0
ethiopia,2016,12.5579378841,37.8058662652,ETH.3,ETH.3.10,-0.571546614170074,28,0
ethiopia,2016,9.35187825213,42.123358833,ETH.7,ETH.7.1,0.111006461083889,27,0
ethiopia,2016,8.99723380603,38.8125219836,ETH.1,ETH.1.1,1.97891759872437,27,1
ethiopia,2016,7.55553765273,37.7139498076,ETH.10,ETH.10.13,-0.776431381702423,27,0
ethiopia,2016,12.1389818604,39.9781812622,ETH.2,ETH.2.4,0.437473297119141,26,1
ethiopia,2016,9.29940539345,40.9684364749,ETH.8,ETH.8.11,-1.07522237300873,24,0
ethiopia,2016,11.4302820812,40.9184516269,ETH.2,ETH.2.1,-0.781043171882629,24,0
ethiopia,2016,9.97602856067,35.0554817139,ETH.4,ETH.4.1,-0.8182293176651,28,0
ethiopia,2016,9.96390354439,40.4404964138,ETH.2,ETH.2.3,-0.828657507896423,24,0
ethiopia,2016,6.18948814022,35.2125096271,ETH.10,ETH.10.5,-1.02086329460144,27,0
ethiopia,2016,6.93408418457,36.5205101316,ETH.10,ETH.10.17,-0.954974412918091,26,0
ethiopia,2016,9.03916691075,38.7122314007,ETH.1,ETH.1.1,1.13543510437012,28,1
ethiopia,2016,13.769066902,38.215600223,ETH.11,ETH.11.5,-0.209779649972916,28,0
ethiopia,2016,14.0418278988,39.5379226906,ETH.11,ETH.11.4,-0.665353178977966,28,0
ethiopia,2016,5.6235592133,37.4000209948,ETH.10,ETH.10.9,-1.06450414657593,28,0
ethiopia,2016,8.19586236319,34.2898370603,ETH.6,ETH.6.1,-0.972772896289825,27,0
ethiopia,2016,12.1864965427,40.0035277347,ETH.2,ETH.2.4,-0.808277189731598,24,0
ethiopia,2016,11.2537040142,39.7881595543,ETH.3,ETH.3.5,-0.643294155597687,26,0
ethiopia,2016,8.32836287789,34.0625018729,ETH.6,ETH.6.1,-1.04722285270691,25,0
ethiopia,2016,6.93349202071,38.0253543202,ETH.10,ETH.10.21,-0.94699490070343,28,0
ethiopia,2016,11.987340912,40.3390302148,ETH.2,ETH.2.4,-0.908204317092896,10,0
ethiopia,2016,9.52882595062,35.6312165311,ETH.8,ETH.8.13,-0.880581974983215,27,0
ethiopia,2016,10.1954604132,38.1505741717,ETH.3,ETH.3.7,-0.907537579536438,26,0
ethiopia,2016,12.4248735551,39.5934500422,ETH.11,ETH.11.1,-0.759313344955444,28,0
ethiopia,2016,9.59197395353,41.8892057154,ETH.5,ETH.5.1,1.21605145931244,26,1
ethiopia,2016,8.86516874808,38.7969619609,ETH.1,ETH.1.1,0.821019232273102,26,1
ethiopia,2016,11.195383384,39.2693632528,ETH.3,ETH.3.5,-1.06604957580566,27,0
ethiopia,2016,13.8345954027,39.0944661892,ETH.11,ETH.11.2,-1.00649011135101,28,0
ethiopia,2016,9.35868503202,42.1674374366,ETH.7,ETH.7.1,-0.0217841546982527,26,0
ethiopia,2016,5.96694142375,43.5377805745,ETH.9,ETH.9.8,-0.560792326927185,24,1
ethiopia,2016,8.00798778665,38.075847946,ETH.10,ETH.10.12,-0.464354872703552,27,0
ethiopia,2016,7.33328412646,37.7689615725,ETH.10,ETH.10.15,-0.907212376594543,28,0
ethiopia,2016,11.275649131,36.8620537207,ETH.3,ETH.3.1,0.161056235432625,25,1
ethiopia,2016,13.8896668239,39.9440649525,ETH.2,ETH.2.2,-0.755045592784882,26,0
ethiopia,2016,9.6069601611,41.8511655425,ETH.5,ETH.5.1,0.534660339355469,26,1
ethiopia,2016,10.6344735212,35.6612996177,ETH.4,ETH.4.3,0.0803871601819992,20,1
ethiopia,2016,7.00331027259,38.6933349388,ETH.10,ETH.10.19,0.0314298868179321,22,0
ethiopia,2016,12.4010680978,42.1631336046,ETH.2,ETH.2.1,-0.207022652029991,25,0
ethiopia,2016,11.2601448165,40.1511445159,ETH.2,ETH.2.1,-1.0362948179245,19,0
ethiopia,2016,9.04547304834,38.7314837055,ETH.1,ETH.1.1,1.1864128112793,28,1
ethiopia,2016,8.29623913401,33.6846260295,ETH.6,ETH.6.3,-0.956193745136261,26,0
ethiopia,2016,7.2002538255,35.3152308971,ETH.6,ETH.6.2,-0.526094555854797,26,0
ethiopia,2016,8.94934982868,41.3124020996,ETH.8,ETH.8.14,-0.978863894939423,28,0
ethiopia,2016,7.21715793552,37.9556832515,ETH.10,ETH.10.15,-0.459851503372192,28,0
ethiopia,2016,9.59082404769,34.7000658566,ETH.4,ETH.4.1,-0.744245171546936,25,0
ethiopia,2016,10.5753330729,37.4808165074,ETH.3,ETH.3.6,-0.864377379417419,26,0
ethiopia,2016,6.78249673074,35.6361934039,ETH.10,ETH.10.5,-1.07826554775238,27,0
ethiopia,2016,5.20323405609,40.0197322271,ETH.9,ETH.9.6,-0.288165658712387,25,1
ethiopia,2016,7.65069270425,47.007920451,ETH.9,ETH.9.2,-0.443207502365112,13,0
ethiopia,2016,9.57118768551,41.8468597683,ETH.5,ETH.5.1,0.952397763729095,26,1
ethiopia,2016,9.367862,42.146004,ETH.7,ETH.7.1,0.986413240432739,23,0
ethiopia,2016,11.2877856014,37.3285526083,ETH.3,ETH.3.6,-0.809744238853455,28,0
ethiopia,2016,9.34461292257,42.1060649704,ETH.7,ETH.7.1,0.264727532863617,27,0
ethiopia,2016,13.4309638166,39.5904112194,ETH.11,ETH.11.1,-0.209247693419456,29,0
ethiopia,2016,9.60662168442,41.8701385423,ETH.5,ETH.5.1,1.25344371795654,28,1
ethiopia,2016,11.2987947135,36.2520351228,ETH.4,ETH.4.3,-0.724253058433533,25,0
ethiopia,2016,9.31677591145,42.1311212796,ETH.7,ETH.7.1,0.889458358287811,23,1
ethiopia,2016,7.24201400958,37.8950988258,ETH.10,ETH.10.15,0.356543183326721,26,1
ethiopia,2016,11.8684142282,40.0882075204,ETH.2,ETH.2.4,-0.877651751041412,19,0
ethiopia,2016,9.60062439698,41.8664828704,ETH.5,ETH.5.1,0.653100252151489,23,1
ethiopia,2016,7.19359136479,38.5937117644,ETH.8,ETH.8.10,0.690814077854156,24,1
ethiopia,2016,12.8767374727,39.3266769251,ETH.11,ETH.11.1,-0.178355827927589,27,0
ethiopia,2016,9.32098296675,42.1075872256,ETH.7,ETH.7.1,0.906264781951904,23,1
ethiopia,2016,5.14867254207,40.7544683969,ETH.9,ETH.9.6,-0.666520774364471,26,0
ethiopia,2016,9.53964678666,34.4843063176,ETH.4,ETH.4.1,-1.00537085533142,26,0
ethiopia,2016,9.32946483839,42.1275914701,ETH.7,ETH.7.1,0.922852337360382,26,1
ethiopia,2016,9.31284483029,42.1192189507,ETH.7,ETH.7.1,1.13185799121857,28,1
ethiopia,2016,5.74874071926,38.443060214,ETH.8,ETH.8.5,-0.603746891021729,27,0
ethiopia,2016,9.24306943141,37.2895294202,ETH.8,ETH.8.6,0.080146998167038,27,0
ethiopia,2016,14.1228947012,38.6210100024,ETH.11,ETH.11.2,-0.749616801738739,28,0
ethiopia,2016,11.9672004667,39.2089558543,ETH.3,ETH.3.11,-1.08756828308105,27,0
ethiopia,2016,9.03024478973,38.8573020064,ETH.1,ETH.1.1,1.2541686296463,26,1
ethiopia,2016,11.1577290777,37.6686990122,ETH.3,ETH.3.6,-0.765868306159973,26,0
ethiopia,2016,14.2853146626,39.4422514319,ETH.11,ETH.11.4,1.09822750091553,26,1
ethiopia,2016,6.56745381618,38.80778876,ETH.10,ETH.10.19,-0.923950493335724,26,0
ethiopia,2016,6.44820699749,37.1652497063,ETH.10,ETH.10.10,-0.977578699588776,27,0
ethiopia,2016,10.1988708221,34.7372781439,ETH.4,ETH.4.1,-0.659617006778717,20,0
ethiopia,2016,6.79771424634,38.2809527536,ETH.10,ETH.10.19,-0.693315088748932,28,0
ethiopia,2016,10.2983711011,34.6491867676,ETH.4,ETH.4.1,-0.361450374126434,27,0
ethiopia,2016,11.4519408289,39.5723188769,ETH.3,ETH.3.5,-0.592845737934113,28,0
ethiopia,2016,8.45381889149,36.3436663667,ETH.8,ETH.8.7,0.541239559650421,27,1
ethiopia,2016,9.09082400385,40.8738935059,ETH.8,ETH.8.11,1.21675884723663,25,1
ethiopia,2016,14.4840166673,39.5093520523,ETH.11,ETH.11.4,-0.668090641498566,25,0
ethiopia,2016,9.02858911483,38.7566761899,ETH.1,ETH.1.1,1.32909941673279,26,1
ethiopia,2016,11.4774677536,36.2518349013,ETH.4,ETH.4.3,-0.912632167339325,26,0
ethiopia,2016,9.84930022172,34.708383201,ETH.4,ETH.4.1,-0.413972049951553,27,0
ethiopia,2016,7.63742817328,34.1964674193,ETH.6,ETH.6.1,-0.881855726242065,28,0
ethiopia,2016,9.30216355234,42.1252155845,ETH.7,ETH.7.1,1.01936411857605,26,1
ethiopia,2016,9.36052714933,42.1676217305,ETH.7,ETH.7.1,-0.804075002670288,27,0
ethiopia,2016,7.33574178616,38.1589980822,ETH.10,ETH.10.1,-0.809937536716461,28,0
ethiopia,2016,13.3427216483,39.7597161433,ETH.2,ETH.2.2,0.525546014308929,21,1
ethiopia,2016,5.84429980242,39.1828806084,ETH.8,ETH.8.5,-1.14366436004639,25,0
ethiopia,2016,9.73979350114,38.7935924907,ETH.8,ETH.8.17,-0.522952854633331,27,0
ethiopia,2016,13.2986185549,39.251521972,ETH.11,ETH.11.1,-0.864045798778534,27,0
ethiopia,2016,13.3518141618,38.3535911356,ETH.3,ETH.3.10,-1.2003720998764,27,0
ethiopia,2016,8.33166186522,33.9524432381,ETH.6,ETH.6.3,-0.0926003828644753,25,1
ethiopia,2016,12.5328785209,41.1649910602,ETH.2,ETH.2.1,-0.89555823802948,21,0
ethiopia,2016,9.02565013741,38.8068240549,ETH.1,ETH.1.1,1.35222673416138,27,1
ethiopia,2016,11.0754433449,37.5039309404,ETH.3,ETH.3.6,-0.91843318939209,27,0
ethiopia,2016,13.61792027,39.3327540095,ETH.11,ETH.11.2,-0.926930904388428,26,0
ethiopia,2016,11.543149172,37.2207815307,ETH.3,ETH.3.6,-0.984163820743561,27,0
ethiopia,2016,7.85815030125,36.7335518851,ETH.8,ETH.8.8,-0.715674936771393,28,0
ethiopia,2016,9.9950744129,34.7278685258,ETH.4,ETH.4.1,-0.741739749908447,26,0
ethiopia,2016,6.57244006029,37.4306031812,ETH.10,ETH.10.10,-0.903838098049164,28,0
ethiopia,2016,8.26872073024,33.4867793466,ETH.6,ETH.6.1,-0.926881074905396,27,0
ethiopia,2016,9.30179657097,42.2433090124,ETH.7,ETH.7.1,-0.951039910316467,26,0
ethiopia,2016,7.0596714924,35.4886078954,ETH.10,ETH.10.5,-0.636974453926086,27,1
ethiopia,2016,7.99636165097,39.0073174025,ETH.8,ETH.8.1,-0.823038578033447,25,0
ethiopia,2016,9.35135304216,42.8059925302,ETH.9,ETH.9.3,0.706493735313416,25,1
ethiopia,2016,11.5557175635,41.433005023,ETH.2,ETH.2.1,0.632565975189209,25,1
ethiopia,2016,9.48846,41.7366983,ETH.5,ETH.5.1,-1.05566954612732,26,0
ethiopia,2016,12.5593211638,39.6382886675,ETH.11,ETH.11.1,-0.694402158260345,26,0
ethiopia,2016,9.32592806693,42.0984960332,ETH.7,ETH.7.1,0.941574513912201,26,1
ethiopia,2016,9.59823876428,41.87143597,ETH.5,ETH.5.1,1.15194010734558,26,1
ethiopia,2016,6.37602603311,38.39633182,ETH.10,ETH.10.19,-1.02681541442871,28,0
ethiopia,2016,7.64099911668,34.4917315097,ETH.6,ETH.6.1,-0.837403118610382,25,0
ethiopia,2016,7.52708593942,36.9709481374,ETH.8,ETH.8.8,-0.791903436183929,28,0
ethiopia,2016,8.0549148246,34.8466305444,ETH.6,ETH.6.1,-0.780765354633331,26,0
ethiopia,2016,12.7773608146,39.5511107542,ETH.11,ETH.11.1,0.447241008281708,26,1
ethiopia,2016,6.06431192266,37.2869237069,ETH.10,ETH.10.10,-0.94528341293335,27,0
ethiopia,2016,8.96193303744,38.7672249404,ETH.1,ETH.1.1,1.40272188186646,25,1
ethiopia,2016,7.41092478212,40.4757069678,ETH.8,ETH.8.2,-0.70377904176712,28,0
ethiopia,2016,9.30371622353,41.7923920511,ETH.8,ETH.8.14,-0.845755159854889,28,0
ethiopia,2016,9.24419107183,42.180196079,ETH.7,ETH.7.1,-0.89170503616333,26,0
ethiopia,2016,12.1613791781,39.6332069105,ETH.3,ETH.3.11,0.707656800746918,27,1
ethiopia,2016,11.4266472946,37.9023214249,ETH.3,ETH.3.4,-1.02656626701355,28,0
ethiopia,2016,10.6356891009,34.7774303771,ETH.4,ETH.4.1,-0.878703057765961,25,0
ethiopia,2016,8.22277129591,43.5719493678,ETH.9,ETH.9.4,0.10072510689497,26,1
ethiopia,2016,7.24638555036,35.3216313208,ETH.6,ETH.6.2,-0.737135171890259,27,0
ethiopia,2016,10.7538865193,38.8884320306,ETH.3,ETH.3.5,-0.708733558654785,27,0
ethiopia,2016,14.1773265712,39.1353336679,ETH.11,ETH.11.2,-0.804505169391632,28,0
ethiopia,2016,9.49269860662,34.6260485946,ETH.8,ETH.8.13,-0.713701069355011,28,0
ethiopia,2016,9.06463886867,38.7315450297,ETH.1,ETH.1.1,1.17157471179962,27,1
ethiopia,2016,9.06104535242,38.7748327468,ETH.1,ETH.1.1,1.23090720176697,26,1
ethiopia,2016,7.230187,35.315757,ETH.6,ETH.6.2,-0.0855251252651215,28,0
ethiopia,2016,5.48008936436,36.7573297016,ETH.10,ETH.10.8,-0.79915177822113,23,0
ethiopia,2016,9.60300354969,41.8524373552,ETH.5,ETH.5.1,1.04867660999298,25,1
ethiopia,2016,6.56621618838,38.6927455502,ETH.10,ETH.10.19,-0.661226868629456,28,0
ethiopia,2016,8.24800772842,34.5979785553,ETH.6,ETH.6.1,1.13392734527588,25,1
ethiopia,2016,6.45900985975,36.4870012111,ETH.10,ETH.10.10,-0.860230803489685,25,0
ethiopia,2016,9.58412935101,41.8661122561,ETH.5,ETH.5.1,1.06841361522675,23,1
ethiopia,2016,7.11470858183,40.3823400907,ETH.8,ETH.8.2,-0.960849523544312,23,0
ethiopia,2016,9.39715676923,42.0396120406,ETH.8,ETH.8.14,-0.0242612324655056,27,0
ethiopia,2016,10.4773418904,37.4996293483,ETH.3,ETH.3.7,-0.881594061851501,26,0
ethiopia,2016,8.9291129706,38.7407830223,ETH.1,ETH.1.1,1.3212229013443,26,1
ethiopia,2016,8.88855258369,40.7445650418,ETH.8,ETH.8.11,-0.931203544139862,25,0
ethiopia,2016,7.17396793911,35.8026802497,ETH.10,ETH.10.14,-1.01911270618439,27,0
ethiopia,2016,11.8884127481,39.3522428178,ETH.3,ETH.3.11,-1.06187176704407,28,0
ethiopia,2016,14.5021303525,38.9622582107,ETH.11,ETH.11.2,-0.734232783317566,27,0
ethiopia,2016,6.30086601468,41.2526180461,ETH.9,ETH.9.1,-1.10536050796509,20,0
ethiopia,2016,14.0546013244,39.0702796846,ETH.11,ETH.11.2,-0.79654324054718,28,0
ethiopia,2016,10.4579142826,38.1989554643,ETH.3,ETH.3.7,0.401068717241287,25,1
ethiopia,2016,9.29984675968,42.1469420651,ETH.7,ETH.7.1,1.15375256538391,24,1
ethiopia,2016,9.727612199,40.0375176927,ETH.2,ETH.2.5,-0.98164564371109,26,0
ethiopia,2016,8.99822766201,37.8517658637,ETH.8,ETH.8.12,0.23616324365139,26,1
ethiopia,2016,7.52939944855,36.931569115,ETH.8,ETH.8.8,-0.92855578660965,28,0
ethiopia,2016,8.99662810312,38.7005616427,ETH.1,ETH.1.1,1.03249788284302,28,1
ethiopia,2016,12.5040272571,39.8730482242,ETH.2,ETH.2.4,-0.832517623901367,25,0
ethiopia,2016,7.49154819415,36.3392535065,ETH.8,ETH.8.8,-0.753631055355072,28,0
ethiopia,2016,6.74550184489,44.2590112436,ETH.9,ETH.9.5,-0.488762438297272,20,0
ethiopia,2016,9.47139499768,40.9954814933,ETH.9,ETH.9.9,-0.146803364157677,25,1
ethiopia,2016,6.64131871372,44.0928366881,ETH.9,ETH.9.5,-0.639806151390076,26,0
ethiopia,2016,9.6075688234,41.8758673764,ETH.5,ETH.5.1,0.834358394145966,27,1
ethiopia,2016,10.258507,36.777892,ETH.8,ETH.8.16,-0.808311998844147,25,0
ethiopia,2016,9.362312,42.137482,ETH.7,ETH.7.1,0.291551172733307,26,0
ethiopia,2016,11.6266458814,39.6669512926,ETH.3,ETH.3.11,-0.726562857627869,26,0
ethiopia,2016,7.82919796038,43.7062642023,ETH.9,ETH.9.4,-0.949623107910156,15,0
ethiopia,2016,10.9630283374,36.4411253512,ETH.3,ETH.3.1,-0.681533813476562,23,0
ethiopia,2016,11.7264182622,41.0912785668,ETH.2,ETH.2.1,0.665287256240845,25,1
ethiopia,2016,9.29878492674,42.1215139957,ETH.7,ETH.7.1,1.11882424354553,27,1
ethiopia,2016,9.28612488513,42.1890232521,ETH.7,ETH.7.1,-0.969320297241211,28,0
ethiopia,2016,7.7011800993,37.4865514842,ETH.10,ETH.10.22,-0.751444339752197,27,0
ethiopia,2016,6.16967074335,37.6629097968,ETH.10,ETH.10.10,0.15342777967453,27,0
ethiopia,2016,13.5517225846,36.9668986198,ETH.11,ETH.11.3,0.574256539344788,28,1
ethiopia,2016,6.26602268054,37.5290406695,ETH.10,ETH.10.10,-0.175637230277061,25,0
ethiopia,2016,9.12062718511,40.7533817994,ETH.8,ETH.8.11,-0.998115301132202,28,0
ethiopia,2016,8.28866172589,33.700158955,ETH.6,ETH.6.3,-1.02824258804321,28,0
ethiopia,2016,10.1154434267,34.4626657378,ETH.4,ETH.4.1,-0.874600231647491,24,0
ethiopia,2016,9.0278094319,38.8118531585,ETH.1,ETH.1.1,1.38455748558044,22,1
ethiopia,2016,10.1606575152,38.634846922,ETH.8,ETH.8.17,-1.0975079536438,24,0
ethiopia,2016,13.1705623522,39.8923104465,ETH.2,ETH.2.2,-0.727582514286041,25,0
ethiopia,2016,11.8266721088,37.8278604632,ETH.3,ETH.3.4,-0.944676101207733,26,0
ethiopia,2016,9.23672777866,42.124000176,ETH.7,ETH.7.1,-0.859470844268799,26,0
ethiopia,2016,9.60489242528,41.877299802,ETH.5,ETH.5.1,0.718479871749878,27,1
ethiopia,2016,11.0743566007,36.455217544,ETH.4,ETH.4.3,-0.876490354537964,25,0
ethiopia,2016,11.4207847114,37.1621233741,ETH.3,ETH.3.6,0.261767715215683,23,1
ethiopia,2016,9.3185116597,37.9530642252,ETH.8,ETH.8.12,-0.970021545886993,25,0
ethiopia,2016,6.74302213008,38.9621639605,ETH.8,ETH.8.10,-0.552483379840851,28,0
ethiopia,2016,9.5810229257,41.8659998043,ETH.5,ETH.5.1,0.986990392208099,26,1
ethiopia,2016,4.18055779005,42.0528710641,ETH.9,ETH.9.6,-0.0662840753793716,23,1
ethiopia,2016,8.18718419682,43.527379603,ETH.9,ETH.9.4,-0.656509399414062,25,0
ethiopia,2016,7.70867680441,38.7584959413,ETH.8,ETH.8.15,-0.528479933738708,25,0
ethiopia,2016,9.5430296676,42.0362604706,ETH.5,ETH.5.1,-0.936646401882172,28,0
ethiopia,2016,8.12057518028,39.3350005419,ETH.8,ETH.8.1,0.345995128154755,28,0
ethiopia,2016,7.26863663297,35.2697947752,ETH.6,ETH.6.2,-0.757722675800323,27,0
ethiopia,2016,9.2646332217,43.272678632,ETH.9,ETH.9.3,-0.823806166648865,26,0
ethiopia,2016,14.2936600947,38.170335724,ETH.11,ETH.11.5,-0.835566997528076,28,0
ethiopia,2016,8.50174319673,40.3175518889,ETH.8,ETH.8.1,-0.845300018787384,27,0
ethiopia,2016,10.265456344,37.8412649946,ETH.3,ETH.3.7,-0.765011370182037,25,0
ethiopia,2016,9.05552853043,38.737277873,ETH.1,ETH.1.1,1.3316478729248,26,1
ethiopia,2016,10.7735954084,36.2612132452,ETH.4,ETH.4.3,-0.237920269370079,25,1
ethiopia,2016,9.31166636243,42.13296294,ETH.7,ETH.7.1,1.24734973907471,26,1
ethiopia,2016,9.58112717862,41.8632845151,ETH.5,ETH.5.1,1.23401129245758,26,1
ethiopia,2016,8.2855202533,33.5123075361,ETH.6,ETH.6.1,-0.937644004821777,22,0
ethiopia,2016,7.4884525173,37.9941030148,ETH.10,ETH.10.13,-0.670433223247528,28,0
ethiopia,2016,13.3242583315,39.1773522959,ETH.11,ETH.11.1,-0.113219328224659,26,1
ethiopia,2016,8.96049847155,38.7681095852,ETH.1,ETH.1.1,1.41219735145569,27,1
ethiopia,2016,11.2891816068,36.4209568471,ETH.4,ETH.4.3,-0.54852706193924,28,0
ethiopia,2016,12.791547035,38.9762791073,ETH.3,ETH.3.12,-0.762173175811768,27,0
ethiopia,2016,6.74768297335,44.2487483792,ETH.9,ETH.9.5,-0.548352777957916,24,0
ethiopia,2016,12.3499808686,40.2423992506,ETH.2,ETH.2.4,-0.881931781768799,19,0
ethiopia,2016,11.3789777011,38.7049790773,ETH.3,ETH.3.5,-1.17622816562653,27,0
ethiopia,2016,9.60895856476,41.8321319959,ETH.5,ETH.5.1,1.19586670398712,25,1
ethiopia,2016,10.8770684502,40.2887256878,ETH.2,ETH.2.5,-0.954367458820343,22,0
ethiopia,2016,11.2062888116,36.344593592,ETH.4,ETH.4.3,-0.670100152492523,28,0
ethiopia,2016,8.25260299037,34.5870272418,ETH.6,ETH.6.1,0.709790468215942,24,1
ethiopia,2016,13.48353781,39.4740874604,ETH.11,ETH.11.1,1.03500211238861,24,1
ethiopia,2016,13.6710410832,38.5151312778,ETH.11,ETH.11.5,-1.15475416183472,28,0
ethiopia,2016,7.23157092004,35.3219622356,ETH.6,ETH.6.2,0.430373668670654,27,1
ethiopia,2016,8.21423468832,43.5534082783,ETH.9,ETH.9.4,0.903655350208282,26,1
ethiopia,2016,7.41791359179,35.3173645283,ETH.6,ETH.6.2,-0.778968214988708,26,0
ethiopia,2016,8.1309893106,35.6379720047,ETH.8,ETH.8.7,-0.780456125736237,28,0
ethiopia,2016,5.33079549184,41.837597107,ETH.9,ETH.9.1,-0.751449286937714,22,1
ethiopia,2016,9.48551577637,41.747152718,ETH.5,ETH.5.1,-0.509893476963043,28,0
ethiopia,2016,8.55329264087,35.4481281185,ETH.8,ETH.8.7,-0.958963394165039,27,0
ethiopia,2016,10.6998425894,36.2265386316,ETH.4,ETH.4.3,-0.744119107723236,24,0
ethiopia,2016,9.02778910884,38.8181293452,ETH.1,ETH.1.1,1.57371163368225,25,1
ethiopia,2016,7.63430127021,39.4844753825,ETH.8,ETH.8.1,-0.859249532222748,24,0
ethiopia,2016,10.102212665,34.8264567736,ETH.4,ETH.4.1,-0.812391579151154,27,0
ethiopia,2016,9.55541019834,40.3261648464,ETH.2,ETH.2.3,-1.05058801174164,24,0
ethiopia,2016,7.14647586933,37.6519264291,ETH.10,ETH.10.21,-0.709727883338928,27,0
ethiopia,2016,9.45540052874,42.4551439064,ETH.8,ETH.8.14,-0.95651763677597,27,0
ethiopia,2016,8.18284841856,34.275796169,ETH.6,ETH.6.1,0.0673744827508926,19,1
ethiopia,2016,9.08207369451,43.1670666842,ETH.9,ETH.9.3,-0.782640516757965,27,0
ethiopia,2016,10.2033722852,35.0902318789,ETH.4,ETH.4.1,-0.860523223876953,21,0
ethiopia,2016,11.4231361147,40.7745389282,ETH.2,ETH.2.1,0.228081583976746,27,1
ethiopia,2016,11.6641713449,40.0067843284,ETH.2,ETH.2.1,-0.97322952747345,21,0
ethiopia,2016,9.95640990702,38.9645239337,ETH.3,ETH.3.8,-0.85879647731781,27,0
ethiopia,2016,8.69668854075,43.3970844769,ETH.9,ETH.9.4,-0.669111490249634,25,0
ethiopia,2016,5.97758558967,38.1450006234,ETH.8,ETH.8.3,-0.0581763200461864,28,0
ethiopia,2016,13.5081044441,38.9583499689,ETH.11,ETH.11.2,-0.62546044588089,27,0
ethiopia,2016,6.73496926086,38.6755644243,ETH.10,ETH.10.19,-1.04217207431793,23,0
ethiopia,2016,7.82022333611,37.6937609488,ETH.10,ETH.10.13,-0.901781797409058,26,0
ethiopia,2016,7.2484057258,38.5605607883,ETH.8,ETH.8.10,-0.0520822070538998,27,0
ethiopia,2016,13.6156032176,38.8462206971,ETH.11,ETH.11.2,-0.147053256630898,26,0
ethiopia,2016,9.28205805942,42.1269885541,ETH.7,ETH.7.1,-0.541060626506805,28,0
ethiopia,2016,10.1243807246,34.5134427174,ETH.4,ETH.4.1,-0.604888379573822,26,0
ethiopia,2016,9.03360665458,38.760633592,ETH.1,ETH.1.1,1.10105037689209,27,1
ethiopia,2016,14.0853146125,37.8565882417,ETH.11,ETH.11.5,-0.855833351612091,28,0
ethiopia,2016,14.1289224708,38.3828500416,ETH.11,ETH.11.5,-1.01472878456116,28,0
ethiopia,2016,13.6463475576,40.0776218872,ETH.2,ETH.2.2,-1.07985806465149,26,0
ethiopia,2016,7.74793230755,36.0277186626,ETH.8,ETH.8.8,-0.740687251091003,27,0
ethiopia,2016,9.30325730323,42.1394431801,ETH.7,ETH.7.1,0.992287695407867,26,1
ethiopia,2016,8.20695287241,43.5588656335,ETH.9,ETH.9.4,-0.316445618867874,27,1
ethiopia,2016,7.30615080349,38.7703533754,ETH.8,ETH.8.10,-0.798576712608337,27,0
ethiopia,2016,14.1352929123,38.7033899922,ETH.11,ETH.11.2,-0.552199959754944,28,0
ethiopia,2016,11.7764478143,39.1876058667,ETH.3,ETH.3.11,-0.934541583061218,27,0
ethiopia,2016,8.33121070524,33.7264113774,ETH.6,ETH.6.3,-0.974396109580994,28,0
ethiopia,2016,7.89341361329,34.5221017547,ETH.6,ETH.6.1,-0.159859716892242,25,1
ethiopia,2016,9.52049387913,41.7805488964,ETH.5,ETH.5.1,-0.560013651847839,27,0
ethiopia,2016,10.1067082993,34.6796621257,ETH.4,ETH.4.1,-0.463642120361328,28,0
ethiopia,2016,11.4941071686,41.4930432866,ETH.2,ETH.2.1,-0.881418526172638,21,0
ethiopia,2016,14.1237652759,38.5899105171,ETH.11,ETH.11.2,0.335342466831207,28,1
ethiopia,2016,14.2733764573,39.392636992,ETH.11,ETH.11.4,-0.73933207988739,28,0
ethiopia,2016,12.5699366906,40.3966404414,ETH.2,ETH.2.4,-0.930166780948639,26,0
ethiopia,2016,6.30800100892,38.3931927616,ETH.10,ETH.10.11,-0.133258923888206,23,1
ethiopia,2016,4.21106480519,38.6467021768,ETH.8,ETH.8.3,-0.966984272003174,28,0
ethiopia,2016,11.4265810704,36.4703184577,ETH.4,ETH.4.3,-0.731697380542755,28,0
ethiopia,2016,8.25695883602,34.0138645251,ETH.6,ETH.6.1,-0.863641083240509,25,0
ethiopia,2016,13.9890174411,39.178052458,ETH.11,ETH.11.2,-0.881974220275879,28,0
ethiopia,2016,13.4714426257,39.5398212998,ETH.11,ETH.11.1,1.07979655265808,27,1
ethiopia,2016,9.59942964666,41.8641274122,ETH.5,ETH.5.1,1.44583630561829,27,1
ethiopia,2016,9.29638799635,42.0882940332,ETH.7,ETH.7.1,-0.0737830772995949,26,0
ethiopia,2016,8.98492424338,38.6929460962,ETH.1,ETH.1.1,1.1576486825943,24,1
ethiopia,2016,7.21613867087,38.2235753273,ETH.8,ETH.8.10,-0.727666556835175,28,0
ethiopia,2016,9.37000417731,42.1027509611,ETH.8,ETH.8.14,-1.0948965549469,27,0
ethiopia,2016,11.3397489619,39.776909755,ETH.3,ETH.3.5,0.282685816287994,27,1
ethiopia,2016,13.545336304,37.3087584239,ETH.11,ETH.11.3,-1.04668211936951,28,0
ethiopia,2016,9.57572172195,41.872863371,ETH.5,ETH.5.1,0.871827363967896,24,1
ethiopia,2016,9.31335639585,42.1046108194,ETH.7,ETH.7.1,1.40604948997498,24,1
ethiopia,2016,11.0091454839,36.4071396971,ETH.4,ETH.4.3,-1.09642577171326,24,0
ethiopia,2016,11.1255627686,39.3148290465,ETH.3,ETH.3.5,-0.655298829078674,27,0
ethiopia,2016,10.9395762579,39.281274594,ETH.3,ETH.3.5,-0.913695454597473,27,0
ethiopia,2016,8.23841950437,33.2295063088,ETH.6,ETH.6.3,-0.976369202136993,25,0
ethiopia,2016,7.46409215671,39.0915945036,ETH.8,ETH.8.1,-0.921021938323975,28,0
ethiopia,2016,10.5670618982,40.2371829864,ETH.2,ETH.2.5,-0.880506157875061,26,0
ethiopia,2016,9.75968197887,35.4437649815,ETH.4,ETH.4.2,-1.03113782405853,27,0
ethiopia,2016,9.35478869923,42.2622845895,ETH.7,ETH.7.1,-0.445265382528305,26,0
ethiopia,2016,13.723917044,39.6297975412,ETH.11,ETH.11.4,-0.879432380199432,28,0
ethiopia,2016,9.59517093516,39.7268266314,ETH.3,ETH.3.8,0.485961973667145,24,1
ethiopia,2016,9.03860218786,38.7277612518,ETH.1,ETH.1.1,1.29301631450653,28,1
ethiopia,2016,11.5939489626,38.5218410055,ETH.3,ETH.3.4,-0.751125633716583,26,0
ethiopia,2016,12.8235421155,38.2430910911,ETH.3,ETH.3.10,-1.06706178188324,28,0
ethiopia,2016,7.23840495589,46.2045018896,ETH.9,ETH.9.2,-0.961783647537231,13,0
ethiopia,2016,7.7171775254,46.9915799207,ETH.9,ETH.9.2,-0.937122941017151,21,0
ethiopia,2016,9.58119423865,41.8592068013,ETH.5,ETH.5.1,1.14993691444397,27,1
ethiopia,2016,11.5888771729,41.4705319202,ETH.2,ETH.2.1,-0.894803404808044,26,0
ethiopia,2016,7.89607459557,38.3585690737,ETH.10,ETH.10.20,-0.760874390602112,26,0
ethiopia,2016,6.57848332689,38.3783566865,ETH.10,ETH.10.19,-0.663900792598724,28,0
ethiopia,2016,9.02423865547,38.7418526805,ETH.1,ETH.1.1,1.21887588500977,28,1
ethiopia,2016,13.954162623,38.7066261604,ETH.11,ETH.11.2,-0.945880830287933,27,0
ethiopia,2016,10.1433199189,39.7184982755,ETH.3,ETH.3.8,-0.766407072544098,28,0
ethiopia,2016,12.910868186,37.4425916099,ETH.3,ETH.3.10,-1.10114002227783,28,0
ethiopia,2016,9.02619859306,38.7781593801,ETH.1,ETH.1.1,1.18604218959808,28,1
ethiopia,2016,12.6737191947,37.5106867323,ETH.3,ETH.3.10,-0.320637673139572,27,1
ethiopia,2016,9.62492509814,42.1306346706,ETH.5,ETH.5.1,-0.724256992340088,28,0
ethiopia,2016,9.249945,34.374815,ETH.4,ETH.4.1,-1.00003385543823,24,0
ethiopia,2016,9.59702583507,41.8355326162,ETH.5,ETH.5.1,0.67010635137558,24,1
ethiopia,2016,8.99052473914,38.705606779,ETH.1,ETH.1.1,0.817706227302551,25,1
